seed,feasible,complete,unique_customers,best_objective,verified_objective,distance_m,travel_time_s,waiting_time_s,service_time_s,evaluations,iterations,elapsed_s,wall_time_s,removal_statistics,repair_statistics,operator_weights,route,message
1,True,True,True,37996.43084957833,37996.43084957833,35001.58332564009,2532.5373225038043,462.3102014344407,2400.0,1166,5,6.357581583000865,6.357629375001125,"{""random_removal"": 2, ""related_removal"": 3, ""worst_removal"": 0}","{""greedy_insertion"": 3, ""regret_insertion"": 2}","{""random_removal"": 1.0, ""related_removal"": 1.0, ""repair:greedy_insertion"": 1.0, ""repair:regret_insertion"": 1.0, ""worst_removal"": 1.0}","{""V1"": [""J1"", ""J12"", ""J11"", ""J19"", ""J4""], ""V2"": [""J17"", ""J10"", ""J18"", ""J2""], ""V3"": [""J3"", ""J15"", ""J5"", ""J7"", ""J6""], ""V4"": [""J14"", ""J16"", ""J13"", ""J20"", ""J8"", ""J9""]}",ALNS completed within the declared budget
2,True,True,True,36381.7260816732,36381.7260816732,33544.41559110627,2440.8020104497396,396.5084801171889,2400.0,1037,3,5.414904083001602,5.414941750001162,"{""random_removal"": 1, ""related_removal"": 1, ""worst_removal"": 1}","{""greedy_insertion"": 0, ""regret_insertion"": 3}","{""random_removal"": 1.0, ""related_removal"": 1.0, ""repair:greedy_insertion"": 1.0, ""repair:regret_insertion"": 1.0, ""worst_removal"": 1.0}","{""V1"": [""J1"", ""J11"", ""J20"", ""J13"", ""J19"", ""J4""], ""V2"": [""J17"", ""J10"", ""J18"", ""J2""], ""V3"": [""J3"", ""J5"", ""J7"", ""J6""], ""V4"": [""J14"", ""J16"", ""J12"", ""J8"", ""J9"", ""J15""]}",ALNS completed within the declared budget
3,True,True,True,36313.37919990304,36313.37919990304,33458.14311781891,2434.5903923730493,420.6456897110827,2400.0,1200,6,5.72522545800166,5.725255749999633,"{""random_removal"": 2, ""related_removal"": 2, ""worst_removal"": 2}","{""greedy_insertion"": 2, ""regret_insertion"": 4}","{""random_removal"": 1.0, ""related_removal"": 1.0, ""repair:greedy_insertion"": 1.0, ""repair:regret_insertion"": 1.0, ""worst_removal"": 1.0}","{""V1"": [""J1"", ""J11"", ""J13"", ""J19"", ""J12"", ""J4""], ""V2"": [""J10"", ""J18"", ""J17"", ""J8"", ""J2""], ""V3"": [""J20"", ""J5"", ""J7"", ""J6"", ""J3""], ""V4"": [""J16"", ""J14"", ""J15"", ""J9""]}",ALNS completed within the declared budget
4,True,True,True,37905.0067218341,37905.0067218341,34607.59850733991,2517.351180418562,780.0570340756218,2400.0,989,5,5.117045791997953,5.117075416997977,"{""random_removal"": 1, ""related_removal"": 3, ""worst_removal"": 1}","{""greedy_insertion"": 4, ""regret_insertion"": 1}","{""random_removal"": 1.0, ""related_removal"": 1.0, ""repair:greedy_insertion"": 1.0, ""repair:regret_insertion"": 1.0, ""worst_removal"": 1.0}","{""V1"": [""J1"", ""J12"", ""J11"", ""J13"", ""J19"", ""J4""], ""V2"": [""J18"", ""J10"", ""J17"", ""J8"", ""J2""], ""V3"": [""J3"", ""J20"", ""J5"", ""J7"", ""J6""], ""V4"": [""J14"", ""J16"", ""J15"", ""J9""]}",ALNS completed within the declared budget
5,True,True,True,36880.608598358725,36880.608598358725,33451.75679536614,2434.1305771564503,994.7212258361301,2400.0,1770,3,7.149207833997934,7.149237541001639,"{""random_removal"": 0, ""related_removal"": 1, ""worst_removal"": 2}","{""greedy_insertion"": 0, ""regret_insertion"": 3}","{""random_removal"": 1.0, ""related_removal"": 1.0, ""repair:greedy_insertion"": 1.0, ""repair:regret_insertion"": 1.0, ""worst_removal"": 1.0}","{""V1"": [""J1"", ""J12"", ""J11"", ""J20"", ""J19"", ""J4""], ""V2"": [""J10"", ""J18"", ""J8"", ""J2""], ""V3"": [""J3"", ""J13"", ""J5"", ""J7"", ""J6""], ""V4"": [""J16"", ""J14"", ""J17"", ""J9"", ""J15""]}",ALNS completed within the declared budget
6,True,True,True,36250.48650296144,36250.48650296144,32934.23938436559,2396.86932356441,919.3777950314416,2400.0,1382,3,6.7591228329984006,6.759152875001746,"{""random_removal"": 1, ""related_removal"": 2, ""worst_removal"": 0}","{""greedy_insertion"": 0, ""regret_insertion"": 3}","{""random_removal"": 1.0, ""related_removal"": 1.0, ""repair:greedy_insertion"": 1.0, ""repair:regret_insertion"": 1.0, ""worst_removal"": 1.0}","{""V1"": [""J12"", ""J11"", ""J13"", ""J19"", ""J4""], ""V2"": [""J10"", ""J18"", ""J17"", ""J9"", ""J8""], ""V3"": [""J1"", ""J6"", ""J5"", ""J7"", ""J15""], ""V4"": [""J14"", ""J16"", ""J3"", ""J2"", ""J20""]}",ALNS completed within the declared budget
7,True,True,True,34874.02689546881,34874.02689546881,32086.937062860772,2335.8635564160636,451.2262761919736,2400.0,1380,9,6.328236541998194,6.328266291999171,"{""random_removal"": 3, ""related_removal"": 2, ""worst_removal"": 4}","{""greedy_insertion"": 5, ""regret_insertion"": 4}","{""random_removal"": 1.0, ""related_removal"": 1.0, ""repair:greedy_insertion"": 1.0, ""repair:regret_insertion"": 1.0, ""worst_removal"": 1.0}","{""V1"": [""J1"", ""J12"", ""J4""], ""V2"": [""J10"", ""J18"", ""J2"", ""J17"", ""J9"", ""J3""], ""V3"": [""J16"", ""J14"", ""J15"", ""J5"", ""J7"", ""J6""], ""V4"": [""J11"", ""J20"", ""J13"", ""J19"", ""J8""]}",ALNS completed within the declared budget
8,True,True,True,35696.33719468704,35696.33719468704,33274.93759962402,2421.3995950630174,0.0,2400.0,1122,6,5.7243936250015395,5.724423500003468,"{""random_removal"": 3, ""related_removal"": 2, ""worst_removal"": 1}","{""greedy_insertion"": 3, ""regret_insertion"": 3}","{""random_removal"": 1.0, ""related_removal"": 1.0, ""repair:greedy_insertion"": 1.0, ""repair:regret_insertion"": 1.0, ""worst_removal"": 1.0}","{""V1"": [""J1"", ""J11"", ""J20"", ""J13"", ""J19"", ""J4""], ""V2"": [""J18"", ""J10"", ""J17"", ""J2"", ""J5"", ""J7"", ""J6""], ""V3"": [], ""V4"": [""J14"", ""J16"", ""J3"", ""J12"", ""J8"", ""J9"", ""J15""]}",ALNS completed within the declared budget
9,True,True,True,36128.24080234596,36128.24080234596,33273.00472026183,2421.2604277489395,433.97565433519253,2400.0,1357,5,6.282222708003246,6.2822507089986175,"{""random_removal"": 2, ""related_removal"": 0, ""worst_removal"": 3}","{""greedy_insertion"": 1, ""regret_insertion"": 4}","{""random_removal"": 1.0, ""related_removal"": 1.0, ""repair:greedy_insertion"": 1.0, ""repair:regret_insertion"": 1.0, ""worst_removal"": 1.0}","{""V1"": [""J1"", ""J11"", ""J13"", ""J19"", ""J12"", ""J4""], ""V2"": [""J18"", ""J10"", ""J17"", ""J8"", ""J2""], ""V3"": [""J20"", ""J5"", ""J7"", ""J6"", ""J3""], ""V4"": [""J16"", ""J14"", ""J15"", ""J9""]}",ALNS completed within the declared budget
10,True,True,True,34121.831454033876,34121.831454033876,31228.59868281918,2274.063193053069,619.1695781616313,2400.0,1153,8,5.42813466699954,5.428165749999607,"{""random_removal"": 4, ""related_removal"": 1, ""worst_removal"": 3}","{""greedy_insertion"": 5, ""regret_insertion"": 3}","{""random_removal"": 1.0, ""related_removal"": 1.0, ""repair:greedy_insertion"": 1.0, ""repair:regret_insertion"": 1.0, ""worst_removal"": 1.0}","{""V1"": [""J1"", ""J11"", ""J20"", ""J13"", ""J19"", ""J4""], ""V2"": [""J12"", ""J18"", ""J10"", ""J17"", ""J8"", ""J2""], ""V3"": [""J5"", ""J7"", ""J6"", ""J3""], ""V4"": [""J16"", ""J14"", ""J15"", ""J9""]}",ALNS completed within the declared budget
