pair_index,optimizer_seed,qpso_best_fitness,pso_best_fitness,qpso_minus_pso,qpso_feasible,pso_feasible,qpso_coordinate_diversity_final,pso_coordinate_diversity_final,qpso_route_diversity_final,pso_route_diversity_final,customers,scenario_seed
0,1,16019.156757506447,16019.156757506447,0.0,True,True,0.17095892663342263,0.10340496732137162,0.8,0.1,10,26157
1,2,16019.156757506447,16019.156757506447,0.0,True,True,0.19903605858548157,0.11025163651571361,0.8,0.19473684210526315,10,26157
2,3,18517.19461045056,16019.156757506447,2498.0378529441114,True,True,0.23858424933269382,0.15544550900078097,0.9473684210526315,0.8421052631578947,10,26157
3,1,21713.39293315038,19602.967550312966,2110.425382837413,True,True,0.23411163843482252,0.1391907280167017,0.868421052631579,0.2789473684210526,10,26158
4,2,19602.967550312966,21494.00228579789,-1891.0347354849255,True,True,0.22829598066158266,0.12346378715239541,0.9578947368421052,0.5368421052631579,10,26158
5,3,21494.00228579789,21494.00228579789,0.0,True,True,0.20384581795492956,0.1570022107843838,0.8421052631578947,0.8894736842105263,10,26158
6,1,21149.396173873458,21149.396173873458,0.0,True,True,0.21179672041587697,0.12823253730796305,0.8315789473684211,0.5736842105263158,10,26159
7,2,23219.03706935476,23219.03706935476,0.0,True,True,0.1749476560915294,0.1278720469115546,0.5842105263157895,0.7052631578947368,10,26159
8,3,23219.03706935476,23219.03706935476,0.0,True,True,0.2073107981073196,0.12545488666491278,0.8052631578947368,0.5052631578947369,10,26159
9,1,22611.02996050242,22611.02996050242,0.0,True,True,0.20351375471517597,0.10804800706698028,0.6473684210526316,0.2789473684210526,10,26160
10,2,22611.02996050242,22611.02996050242,0.0,True,True,0.14981346473984483,0.10682503294980364,0.6473684210526316,0.28421052631578947,10,26160
11,3,22611.02996050242,22611.02996050242,0.0,True,True,0.18293358147088357,0.11145938393732382,0.6473684210526316,0.28421052631578947,10,26160
12,1,25005.873351807102,25028.1382491853,-22.26489737819793,True,True,0.2454628582932399,0.14124936796037116,0.9210526315789473,0.7105263157894737,10,26161
13,2,24163.84731528427,25028.1382491853,-864.2909339010293,True,True,0.23194631148143008,0.14708625375120737,0.7894736842105263,0.8052631578947368,10,26161
14,3,24321.381759353433,24321.381759353433,0.0,True,True,0.23331642034641678,0.1558120260564194,0.9315789473684211,0.7736842105263158,10,26161
15,1,38071.0228093066,35802.02211883831,2269.000690468296,True,True,0.1202076532958461,0.1278834677309166,0.7631578947368421,0.9894736842105263,20,26157
16,2,37849.613257853554,39515.73525327546,-1666.121995421905,True,True,0.1423108020800333,0.11060593416551989,0.9473684210526315,0.7631578947368421,20,26157
17,3,39515.73525327546,39154.35352698171,361.38172629375185,True,True,0.11611395710801267,0.11609513580188678,0.8526315789473684,0.7894736842105263,20,26157
18,1,33320.04452142048,33320.04452142048,0.0,True,True,0.13340889529342537,0.1170502039249786,0.9157894736842105,0.7947368421052632,20,26158
19,2,33685.69473623061,34804.87073876544,-1119.176002534834,True,True,0.13564631257808585,0.13481437201417096,0.8526315789473684,0.9631578947368421,20,26158
20,3,34804.87073876544,34804.87073876544,0.0,True,True,0.12548010148421124,0.11241155818362576,0.8894736842105263,0.9157894736842105,20,26158
21,1,39849.36709138048,39753.050943447044,96.3161479334376,True,True,0.096872889840865,0.11211685321243374,0.4473684210526316,0.9052631578947369,20,26159
22,2,39202.22082346895,38449.83063586183,752.390187607125,True,True,0.11790194110296211,0.12080205364962303,0.8894736842105263,0.9157894736842105,20,26159
23,3,39315.01786690451,38616.74037102665,698.2774958778609,True,True,0.1514123619421338,0.13798155444939555,0.968421052631579,0.9473684210526315,20,26159
24,1,39732.293552270254,39732.293552270254,0.0,True,True,0.15091070657256042,0.12570106177202367,0.9631578947368421,0.9473684210526315,20,26160
25,2,37787.65728073022,37787.65728073022,0.0,True,True,0.12508807976294542,0.1169685434899218,0.868421052631579,0.9473684210526315,20,26160
26,3,39408.28879480716,39408.28879480716,0.0,True,True,0.1370237394721418,0.12546952623990157,0.6526315789473685,0.9368421052631579,20,26160
27,1,36621.73368536196,36621.73368536196,0.0,True,True,0.1546603406073149,0.11960510664738058,0.9526315789473684,0.8421052631578947,20,26161
28,2,36621.73368536196,36621.73368536196,0.0,True,True,0.14233106891566463,0.12725582879996647,0.9315789473684211,0.9157894736842105,20,26161
29,3,35888.96906869433,36621.73368536196,-732.764616667635,True,True,0.15025843229038613,0.11501317564904817,0.9578947368421052,0.9473684210526315,20,26161
30,1,52821.220037430365,53220.53336399143,-399.3133265610668,True,True,0.09591226684718053,0.11084048507676059,0.9473684210526315,0.9947368421052631,30,26157
31,2,50804.244497012114,53156.90477367758,-2352.6602766654687,True,True,0.1390843209311078,0.11895319004366262,0.9947368421052631,0.9947368421052631,30,26157
32,3,54166.60641196715,54166.60641196715,0.0,True,True,0.12344383280978258,0.11845930195932519,0.8105263157894737,0.9894736842105263,30,26157
33,1,62122.38769826346,62122.38769826346,0.0,True,True,0.1362322946878843,0.1399534048112252,0.9842105263157894,1.0,30,26158
34,2,62016.37428129661,59303.27837411632,2713.0959071802863,True,True,0.1412141244830659,0.12074234676351299,0.9947368421052631,1.0,30,26158
35,3,59706.970835456996,59006.552340217495,700.4184952395008,True,True,0.1390745409330377,0.12208820840657385,0.9947368421052631,1.0,30,26158
36,1,46515.75888179706,46515.75888179706,0.0,True,True,0.18143678488048987,0.12373444584722443,0.9947368421052631,1.0,30,26159
37,2,46515.75888179706,46515.75888179706,0.0,True,True,0.15281012615038797,0.13706631723853055,0.9894736842105263,1.0,30,26159
38,3,46515.75888179706,46581.10950613446,-65.3506243373995,True,True,0.11281519906538338,0.11980548607834365,0.8894736842105263,1.0,30,26159
39,1,62912.65981530205,64793.67508006365,-1881.0152647615978,True,True,0.16006719410661485,0.11887318162520306,0.9947368421052631,1.0,30,26160
40,2,64518.95848328388,65034.65813512399,-515.6996518401065,True,True,0.1542276630549645,0.12753388768107585,0.9842105263157894,1.0,30,26160
41,3,62748.98642281599,62748.98642281599,0.0,True,True,0.12090378562459893,0.11776140016064858,0.9631578947368421,1.0,30,26160
42,1,55334.79011300932,58772.53785118278,-3437.747738173457,True,True,0.1450617053750494,0.1239784537439527,0.9947368421052631,1.0,30,26161
43,2,52752.03456313597,56154.55706653253,-3402.5225033965617,True,True,0.1371453839457601,0.11590528495283807,0.9947368421052631,1.0,30,26161
44,3,52508.93057498412,56154.55706653253,-3645.626491548406,True,True,0.1785312980847722,0.11970972714672715,0.9894736842105263,1.0,30,26161
