seed,method,best_feasible_objective,feasible,evaluations,iterations,elapsed_s,exact_reference_objective,absolute_gap,relative_gap,verified
1,alns,1575.0,True,2000,152,0.27525941699786927,1575.0,0.0,0.0,"{'feasible': True, 'complete': True, 'objective': 1575.0, 'objective_components': {'distance_m': 1400.0, 'travel_time_s': 140.0, 'waiting_time_s': 35.0, 'service_time_s': 55.0, 'elapsed_time_s': 230.0, 'lateness_s': 0.0}, 'route': {'V1': ['J1', 'J2'], 'V2': ['J3', 'J4', 'J5']}}"
2,alns,1575.0,True,2000,158,0.24540329099909286,1575.0,0.0,0.0,"{'feasible': True, 'complete': True, 'objective': 1575.0, 'objective_components': {'distance_m': 1400.0, 'travel_time_s': 140.0, 'waiting_time_s': 35.0, 'service_time_s': 55.0, 'elapsed_time_s': 230.0, 'lateness_s': 0.0}, 'route': {'V1': ['J1', 'J2'], 'V2': ['J3', 'J4', 'J5']}}"
3,alns,1575.0,True,2000,157,0.23997512500136509,1575.0,0.0,0.0,"{'feasible': True, 'complete': True, 'objective': 1575.0, 'objective_components': {'distance_m': 1400.0, 'travel_time_s': 140.0, 'waiting_time_s': 35.0, 'service_time_s': 55.0, 'elapsed_time_s': 230.0, 'lateness_s': 0.0}, 'route': {'V1': ['J1', 'J2'], 'V2': ['J3', 'J4', 'J5']}}"
4,alns,1575.0,True,2000,160,0.24521679199824575,1575.0,0.0,0.0,"{'feasible': True, 'complete': True, 'objective': 1575.0, 'objective_components': {'distance_m': 1400.0, 'travel_time_s': 140.0, 'waiting_time_s': 35.0, 'service_time_s': 55.0, 'elapsed_time_s': 230.0, 'lateness_s': 0.0}, 'route': {'V1': ['J1', 'J2'], 'V2': ['J3', 'J4', 'J5']}}"
5,alns,1575.0,True,2000,151,0.24013591699986137,1575.0,0.0,0.0,"{'feasible': True, 'complete': True, 'objective': 1575.0, 'objective_components': {'distance_m': 1400.0, 'travel_time_s': 140.0, 'waiting_time_s': 35.0, 'service_time_s': 55.0, 'elapsed_time_s': 230.0, 'lateness_s': 0.0}, 'route': {'V1': ['J1', 'J2'], 'V2': ['J3', 'J4', 'J5']}}"
6,alns,1575.0,True,2000,153,0.24399391699989792,1575.0,0.0,0.0,"{'feasible': True, 'complete': True, 'objective': 1575.0, 'objective_components': {'distance_m': 1400.0, 'travel_time_s': 140.0, 'waiting_time_s': 35.0, 'service_time_s': 55.0, 'elapsed_time_s': 230.0, 'lateness_s': 0.0}, 'route': {'V1': ['J1', 'J2'], 'V2': ['J3', 'J4', 'J5']}}"
7,alns,1575.0,True,2000,161,0.24518725000234554,1575.0,0.0,0.0,"{'feasible': True, 'complete': True, 'objective': 1575.0, 'objective_components': {'distance_m': 1400.0, 'travel_time_s': 140.0, 'waiting_time_s': 35.0, 'service_time_s': 55.0, 'elapsed_time_s': 230.0, 'lateness_s': 0.0}, 'route': {'V1': ['J1', 'J2'], 'V2': ['J3', 'J4', 'J5']}}"
8,alns,1575.0,True,2000,160,0.24180141699980595,1575.0,0.0,0.0,"{'feasible': True, 'complete': True, 'objective': 1575.0, 'objective_components': {'distance_m': 1400.0, 'travel_time_s': 140.0, 'waiting_time_s': 35.0, 'service_time_s': 55.0, 'elapsed_time_s': 230.0, 'lateness_s': 0.0}, 'route': {'V1': ['J1', 'J2'], 'V2': ['J3', 'J4', 'J5']}}"
9,alns,1575.0,True,2000,167,0.2455630000004021,1575.0,0.0,0.0,"{'feasible': True, 'complete': True, 'objective': 1575.0, 'objective_components': {'distance_m': 1400.0, 'travel_time_s': 140.0, 'waiting_time_s': 35.0, 'service_time_s': 55.0, 'elapsed_time_s': 230.0, 'lateness_s': 0.0}, 'route': {'V1': ['J1', 'J2'], 'V2': ['J3', 'J4', 'J5']}}"
10,alns,1575.0,True,2000,156,0.24022004200014635,1575.0,0.0,0.0,"{'feasible': True, 'complete': True, 'objective': 1575.0, 'objective_components': {'distance_m': 1400.0, 'travel_time_s': 140.0, 'waiting_time_s': 35.0, 'service_time_s': 55.0, 'elapsed_time_s': 230.0, 'lateness_s': 0.0}, 'route': {'V1': ['J1', 'J2'], 'V2': ['J3', 'J4', 'J5']}}"
